"pokemon","teammate","percent"
"Incineroar","Rayquaza-Mega","47.043"
"Incineroar","Tapu Koko","43.674"
"Incineroar","Xerneas","41.643"
"Incineroar","Tapu Fini","41.287"
"Incineroar","Lunala","29.145"
"Incineroar","Groudon-Primal","28.328"
"Incineroar","Kyogre-Primal","25.009"
"Incineroar","Kartana","19.974"
"Incineroar","Salamence-Mega","19.039"
"Incineroar","Amoonguss","18.016"
"Rayquaza-Mega","Incineroar","91.040"
"Rayquaza-Mega","Tapu Koko","55.407"
"Rayquaza-Mega","Tapu Fini","45.056"
"Rayquaza-Mega","Kyogre-Primal","31.808"
"Rayquaza-Mega","Lunala","28.386"
"Rayquaza-Mega","Stakataka","22.373"
"Rayquaza-Mega","Kartana","21.846"
"Rayquaza-Mega","Nihilego","18.721"
"Rayquaza-Mega","Amoonguss","16.734"
"Rayquaza-Mega","Xerneas","16.051"
"Tapu Koko","Incineroar","87.869"
"Tapu Koko","Rayquaza-Mega","57.602"
"Tapu Koko","Lunala","38.391"
"Tapu Koko","Kyogre-Primal","33.666"
"Tapu Koko","Xerneas","25.276"
"Tapu Koko","Stakataka","18.169"
"Tapu Koko","Amoonguss","18.105"
"Tapu Koko","Kangaskhan-Mega","17.303"
"Tapu Koko","Nihilego","15.894"
"Tapu Koko","Tapu Fini","14.394"
"Xerneas","Incineroar","89.183"
"Xerneas","Groudon-Primal","45.631"
"Xerneas","Tapu Fini","39.614"
"Xerneas","Kangaskhan-Mega","31.991"
"Xerneas","Salamence-Mega","31.797"
"Xerneas","Kartana","28.793"
"Xerneas","Tapu Koko","26.906"
"Xerneas","Amoonguss","24.283"
"Xerneas","Lunala","21.413"
"Xerneas","Rayquaza-Mega","17.763"
"Tapu Fini","Incineroar","90.627"
"Tapu Fini","Rayquaza-Mega","51.105"
"Tapu Fini","Groudon-Primal","40.802"
"Tapu Fini","Xerneas","40.603"
"Tapu Fini","Kartana","29.054"
"Tapu Fini","Salamence-Mega","27.875"
"Tapu Fini","Lunala","25.727"
"Tapu Fini","Tapu Koko","15.704"
"Tapu Fini","Stakataka","15.033"
"Tapu Fini","Crobat","11.663"
"Groudon-Primal","Incineroar","71.055"
"Groudon-Primal","Salamence-Mega","53.730"
"Groudon-Primal","Xerneas","53.444"
"Groudon-Primal","Tapu Fini","46.625"
"Groudon-Primal","Kartana","22.032"
"Groudon-Primal","Kangaskhan-Mega","18.450"
"Groudon-Primal","Tapu Lele","17.617"
"Groudon-Primal","Tapu Koko","16.638"
"Groudon-Primal","Stakataka","11.848"
"Groudon-Primal","Amoonguss","11.733"
"Lunala","Incineroar","83.740"
"Lunala","Tapu Koko","54.827"
"Lunala","Rayquaza-Mega","42.145"
"Lunala","Tapu Fini","33.675"
"Lunala","Stakataka","29.651"
"Lunala","Xerneas","28.729"
"Lunala","Kangaskhan-Mega","27.857"
"Lunala","Amoonguss","19.230"
"Lunala","Ditto","18.558"
"Lunala","Crobat","13.070"
"Kyogre-Primal","Incineroar","83.290"
"Kyogre-Primal","Tapu Koko","55.728"
"Kyogre-Primal","Rayquaza-Mega","54.739"
"Kyogre-Primal","Nihilego","24.051"
"Kyogre-Primal","Kartana","23.543"
"Kyogre-Primal","Amoonguss","14.410"
"Kyogre-Primal","Metagross-Mega","13.289"
"Kyogre-Primal","Celesteela","13.121"
"Kyogre-Primal","Togedemaru","13.115"
"Kyogre-Primal","Tapu Fini","10.822"
"Salamence-Mega","Groudon-Primal","80.607"
"Salamence-Mega","Incineroar","71.645"
"Salamence-Mega","Xerneas","55.871"
"Salamence-Mega","Tapu Fini","47.787"
"Salamence-Mega","Kartana","25.793"
"Salamence-Mega","Tapu Koko","21.658"
"Salamence-Mega","Tapu Lele","21.085"
"Salamence-Mega","Necrozma-Dusk-Mane","16.546"
"Salamence-Mega","Amoonguss","16.033"
"Salamence-Mega","Lunala","15.873"
"Kartana","Incineroar","90.640"
"Kartana","Xerneas","61.011"
"Kartana","Tapu Fini","60.065"
"Kartana","Rayquaza-Mega","51.227"
"Kartana","Groudon-Primal","39.860"
"Kartana","Kyogre-Primal","32.079"
"Kartana","Salamence-Mega","31.105"
"Kartana","Tapu Koko","25.960"
"Kartana","Nihilego","21.609"
"Kartana","Landorus-Therian","13.296"
"Amoonguss","Incineroar","85.011"
"Amoonguss","Xerneas","53.503"
"Amoonguss","Tapu Koko","42.461"
"Amoonguss","Rayquaza-Mega","40.802"
"Amoonguss","Lunala","31.581"
"Amoonguss","Groudon-Primal","22.072"
"Amoonguss","Kyogre-Primal","20.417"
"Amoonguss","Salamence-Mega","20.104"
"Amoonguss","Stakataka","18.645"
"Amoonguss","Tapu Fini","18.066"
"Kangaskhan-Mega","Incineroar","74.021"
"Kangaskhan-Mega","Xerneas","74.021"
"Kangaskhan-Mega","Lunala","48.041"
"Kangaskhan-Mega","Tapu Koko","42.615"
"Kangaskhan-Mega","Groudon-Primal","36.448"
"Kangaskhan-Mega","Ditto","27.994"
"Kangaskhan-Mega","Tornadus","27.540"
"Kangaskhan-Mega","Amoonguss","18.457"
"Kangaskhan-Mega","Salamence-Mega","15.311"
"Kangaskhan-Mega","Tapu Lele","12.328"
"Stakataka","Incineroar","80.702"
"Stakataka","Rayquaza-Mega","63.914"
"Stakataka","Lunala","57.054"
"Stakataka","Tapu Koko","49.928"
"Stakataka","Tapu Fini","37.863"
"Stakataka","Groudon-Primal","26.113"
"Stakataka","Amoonguss","21.846"
"Stakataka","Salamence-Mega","17.291"
"Stakataka","Kyogre-Primal","13.428"
"Stakataka","Tapu Lele","12.861"
"Tapu Lele","Groudon-Primal","48.058"
"Tapu Lele","Incineroar","43.495"
"Tapu Lele","Salamence-Mega","38.339"
"Tapu Lele","Necrozma-Dusk-Mane","26.857"
"Tapu Lele","Lunala","25.356"
"Tapu Lele","Xerneas","25.107"
"Tapu Lele","Umbreon","23.044"
"Tapu Lele","Kyogre-Primal","20.903"
"Tapu Lele","Kangaskhan-Mega","17.024"
"Tapu Lele","Amoonguss","16.388"
"Nihilego","Incineroar","82.916"
"Nihilego","Rayquaza-Mega","80.149"
"Nihilego","Tapu Koko","65.454"
"Nihilego","Kyogre-Primal","59.832"
"Nihilego","Kartana","39.453"
"Nihilego","Lunala","28.019"
"Nihilego","Tapu Fini","23.315"
"Nihilego","Amoonguss","15.965"
"Nihilego","Xerneas","8.133"
"Nihilego","Ferrothorn","7.640"
"Crobat","Incineroar","88.498"
"Crobat","Rayquaza-Mega","66.378"
"Crobat","Tapu Fini","51.003"
"Crobat","Lunala","43.667"
"Crobat","Xerneas","37.913"
"Crobat","Chansey","21.810"
"Crobat","Tapu Koko","18.784"
"Crobat","Kartana","14.846"
"Crobat","Kangaskhan-Mega","12.616"
"Crobat","Groudon-Primal","11.878"
"Necrozma-Dusk-Mane","Salamence-Mega","54.850"
"Necrozma-Dusk-Mane","Tapu Lele","48.962"
"Necrozma-Dusk-Mane","Groudon-Primal","47.146"
"Necrozma-Dusk-Mane","Incineroar","45.626"
"Necrozma-Dusk-Mane","Umbreon","43.871"
"Necrozma-Dusk-Mane","Tapu Fini","36.408"
"Necrozma-Dusk-Mane","Rayquaza-Mega","28.498"
"Necrozma-Dusk-Mane","Kangaskhan-Mega","28.064"
"Necrozma-Dusk-Mane","Tapu Koko","24.712"
"Necrozma-Dusk-Mane","Kyogre-Primal","11.549"
"Tornadus","Xerneas","87.713"
"Tornadus","Incineroar","81.346"
"Tornadus","Kangaskhan-Mega","73.415"
"Tornadus","Groudon-Primal","55.350"
"Tornadus","Amoonguss","45.211"
"Tornadus","Kyogre-Primal","35.803"
"Tornadus","Kommo-o","23.178"
"Tornadus","Tapu Koko","9.671"
"Tornadus","Metagross-Mega","7.695"
"Tornadus","Smeargle","5.722"
"Ditto","Incineroar","90.237"
"Ditto","Lunala","80.574"
"Ditto","Tapu Koko","79.754"
"Ditto","Xerneas","73.923"
"Ditto","Kangaskhan-Mega","70.475"
"Ditto","Tapu Fini","21.942"
"Ditto","Rayquaza-Mega","19.394"
"Ditto","Groudon-Primal","11.070"
"Ditto","Lopunny-Mega","5.939"
"Ditto","Yveltal","5.479"
"Landorus-Therian","Incineroar","84.084"
"Landorus-Therian","Tapu Fini","62.250"
"Landorus-Therian","Xerneas","57.472"
"Landorus-Therian","Rayquaza-Mega","54.499"
"Landorus-Therian","Kartana","43.118"
"Landorus-Therian","Groudon-Primal","18.962"
"Landorus-Therian","Tapu Koko","16.352"
"Landorus-Therian","Solgaleo","15.183"
"Landorus-Therian","Manectric-Mega","12.270"
"Landorus-Therian","Zygarde","11.166"
"Metagross-Mega","Incineroar","84.756"
"Metagross-Mega","Tapu Koko","55.026"
"Metagross-Mega","Kyogre-Primal","54.545"
"Metagross-Mega","Xerneas","33.018"
"Metagross-Mega","Yveltal","32.483"
"Metagross-Mega","Groudon-Primal","27.077"
"Metagross-Mega","Amoonguss","23.533"
"Metagross-Mega","Rayquaza-Mega","22.863"
"Metagross-Mega","Crobat","15.547"
"Metagross-Mega","Tapu Fini","13.489"
"Yveltal","Incineroar","70.358"
"Yveltal","Groudon-Primal","50.414"
"Yveltal","Tapu Koko","41.092"
"Yveltal","Tapu Fini","37.934"
"Yveltal","Metagross-Mega","33.524"
"Yveltal","Kyogre-Primal","30.232"
"Yveltal","Gengar-Mega","27.702"
"Yveltal","Amoonguss","21.286"
"Yveltal","Stakataka","16.857"
"Yveltal","Shedinja","10.908"
"Gengar-Mega","Incineroar","85.825"
"Gengar-Mega","Kyogre-Primal","47.588"
"Gengar-Mega","Groudon-Primal","47.057"
"Gengar-Mega","Tapu Koko","37.882"
"Gengar-Mega","Yveltal","32.280"
"Gengar-Mega","Tapu Fini","25.430"
"Gengar-Mega","Xerneas","24.265"
"Gengar-Mega","Rayquaza-Mega","17.638"
"Gengar-Mega","Bronzong","13.104"
"Gengar-Mega","Whimsicott","12.423"
"Togedemaru","Rayquaza-Mega","80.518"
"Togedemaru","Incineroar","79.667"
"Togedemaru","Kyogre-Primal","69.013"
"Togedemaru","Tapu Fini","28.994"
"Togedemaru","Bronzong","26.440"
"Togedemaru","Celesteela","25.692"
"Togedemaru","Tapu Koko","23.176"
"Togedemaru","Mimikyu","21.081"
"Togedemaru","Amoonguss","10.959"
"Togedemaru","Xerneas","10.391"
"Solgaleo","Incineroar","88.957"
"Solgaleo","Tapu Koko","64.415"
"Solgaleo","Tapu Fini","63.615"
"Solgaleo","Rayquaza-Mega","52.628"
"Solgaleo","Salamence-Mega","27.245"
"Solgaleo","Gastrodon","25.583"
"Solgaleo","Lunala","22.261"
"Solgaleo","Landorus-Therian","16.427"
"Solgaleo","Kangaskhan-Mega","15.658"
"Solgaleo","Snorlax","13.690"
"Shedinja","Groudon-Primal","77.791"
"Shedinja","Incineroar","77.098"
"Shedinja","Salamence-Mega","61.242"
"Shedinja","Xerneas","61.168"
"Shedinja","Tapu Fini","43.581"
"Shedinja","Tapu Koko","41.715"
"Shedinja","Rayquaza-Mega","16.752"
"Shedinja","Yveltal","14.387"
"Shedinja","Lopunny-Mega","13.069"
"Shedinja","Tapu Lele","9.639"
"Bronzong","Incineroar","85.326"
"Bronzong","Kyogre-Primal","62.158"
"Bronzong","Groudon-Primal","47.500"
"Bronzong","Tapu Koko","45.607"
"Bronzong","Rayquaza-Mega","41.168"
"Bronzong","Togedemaru","35.822"
"Bronzong","Tapu Fini","28.870"
"Bronzong","Gengar-Mega","18.926"
"Bronzong","Lunala","17.516"
"Bronzong","Lopunny-Mega","16.366"
"Ferrothorn","Incineroar","86.872"
"Ferrothorn","Rayquaza-Mega","65.929"
"Ferrothorn","Kyogre-Primal","62.529"
"Ferrothorn","Tapu Koko","43.303"
"Ferrothorn","Tapu Fini","24.952"
"Ferrothorn","Lunala","20.496"
"Ferrothorn","Nihilego","19.916"
"Ferrothorn","Crobat","18.293"
"Ferrothorn","Groudon-Primal","11.909"
"Ferrothorn","Kangaskhan-Mega","8.918"
"Celesteela","Incineroar","89.881"
"Celesteela","Kyogre-Primal","84.522"
"Celesteela","Rayquaza-Mega","77.613"
"Celesteela","Tapu Koko","46.056"
"Celesteela","Togedemaru","31.450"
"Celesteela","Mimikyu","26.861"
"Celesteela","Nihilego","19.597"
"Celesteela","Gengar-Mega","12.906"
"Celesteela","Groudon-Primal","9.132"
"Celesteela","Xerneas","8.205"
"Umbreon","Necrozma-Dusk-Mane","75.788"
"Umbreon","Groudon-Primal","73.612"
"Umbreon","Tapu Lele","72.574"
"Umbreon","Salamence-Mega","69.659"
"Umbreon","Kangaskhan-Mega","37.115"
"Umbreon","Incineroar","21.788"
"Umbreon","Tapu Koko","20.768"
"Umbreon","Rayquaza-Mega","19.795"
"Umbreon","Naganadel","19.772"
"Umbreon","Crobat","12.594"
"Smeargle","Xerneas","73.120"
"Smeargle","Incineroar","52.836"
"Smeargle","Groudon-Primal","39.645"
"Smeargle","Tapu Lele","37.613"
"Smeargle","Lunala","36.130"
"Smeargle","Salamence-Mega","25.402"
"Smeargle","Kangaskhan-Mega","23.325"
"Smeargle","Stakataka","20.907"
"Smeargle","Kartana","13.254"
"Smeargle","Lopunny-Mega","12.793"
"Mimikyu","Incineroar","84.226"
"Mimikyu","Rayquaza-Mega","68.409"
"Mimikyu","Kyogre-Primal","45.801"
"Mimikyu","Celesteela","31.758"
"Mimikyu","Groudon-Primal","31.008"
"Mimikyu","Togedemaru","30.511"
"Mimikyu","Tapu Koko","27.386"
"Mimikyu","Tapu Fini","27.013"
"Mimikyu","Stakataka","15.880"
"Mimikyu","Metagross-Mega","14.399"
"Whimsicott","Kyogre-Primal","72.142"
"Whimsicott","Incineroar","57.888"
"Whimsicott","Rayquaza-Mega","51.415"
"Whimsicott","Tapu Koko","47.362"
"Whimsicott","Lunala","24.844"
"Whimsicott","Gengar-Mega","22.087"
"Whimsicott","Tapu Lele","21.669"
"Whimsicott","Metagross-Mega","19.343"
"Whimsicott","Lucario-Mega","18.662"
"Whimsicott","Groudon-Primal","18.487"
"Kommo-o","Groudon-Primal","91.307"
"Kommo-o","Xerneas","90.901"
"Kommo-o","Kangaskhan-Mega","80.329"
"Kommo-o","Tornadus","77.474"
"Kommo-o","Incineroar","62.584"
"Kommo-o","Smeargle","12.668"
"Kommo-o","Amoonguss","11.196"
"Kommo-o","Salamence-Mega","7.672"
"Kommo-o","Tapu Fini","6.548"
"Kommo-o","Mawile-Mega","4.312"
"Naganadel","Tapu Lele","75.064"
"Naganadel","Groudon-Primal","53.783"
"Naganadel","Necrozma-Dusk-Mane","41.821"
"Naganadel","Umbreon","41.654"
"Naganadel","Salamence-Mega","41.619"
"Naganadel","Kyogre-Primal","38.002"
"Naganadel","Lunala","23.098"
"Naganadel","Lucario-Mega","22.892"
"Naganadel","Whimsicott","20.643"
"Naganadel","Tapu Koko","13.155"
"Chansey","Rayquaza-Mega","94.365"
"Chansey","Lunala","93.560"
"Chansey","Incineroar","89.571"
"Chansey","Tapu Fini","88.735"
"Chansey","Crobat","88.528"
"Chansey","Shuckle","5.236"
"Chansey","Mimikyu","5.054"
"Chansey","Raichu-Alola","3.187"
"Chansey","Salazzle","1.105"
"Chansey","Smeargle","0.709"
"Lucario-Mega","Lunala","88.012"
"Lucario-Mega","Tapu Lele","86.221"
"Lucario-Mega","Xerneas","44.023"
"Lucario-Mega","Kyogre-Primal","44.015"
"Lucario-Mega","Incineroar","41.384"
"Lucario-Mega","Whimsicott","32.913"
"Lucario-Mega","Naganadel","25.993"
"Lucario-Mega","Smeargle","20.907"
"Lucario-Mega","Amoonguss","19.167"
"Lucario-Mega","Tapu Koko","13.895"
"Gengar","Incineroar","90.156"
"Gengar","Xerneas","72.476"
"Gengar","Tapu Koko","46.560"
"Gengar","Rayquaza-Mega","37.243"
"Gengar","Groudon-Primal","34.495"
"Gengar","Metagross-Mega","30.021"
"Gengar","Crobat","28.009"
"Gengar","Amoonguss","20.674"
"Gengar","Lunala","17.718"
"Gengar","Kangaskhan-Mega","15.964"
"Gastrodon","Incineroar","88.133"
"Gastrodon","Rayquaza-Mega","83.295"
"Gastrodon","Tapu Fini","78.898"
"Gastrodon","Tapu Koko","60.251"
"Gastrodon","Solgaleo","57.921"
"Gastrodon","Necrozma-Dusk-Mane","13.701"
"Gastrodon","Lunala","12.868"
"Gastrodon","Stakataka","8.391"
"Gastrodon","Groudon-Primal","5.354"
"Gastrodon","Persian-Alola","5.247"
"Necrozma-Dawn-Wings","Incineroar","53.608"
"Necrozma-Dawn-Wings","Tapu Lele","50.581"
"Necrozma-Dawn-Wings","Groudon-Primal","46.220"
"Necrozma-Dawn-Wings","Stakataka","43.142"
"Necrozma-Dawn-Wings","Crobat","35.177"
"Necrozma-Dawn-Wings","Salamence-Mega","28.918"
"Necrozma-Dawn-Wings","Xerneas","19.488"
"Necrozma-Dawn-Wings","Amoonguss","19.086"
"Necrozma-Dawn-Wings","Metagross-Mega","17.511"
"Necrozma-Dawn-Wings","Rayquaza-Mega","17.487"
"Lopunny-Mega","Lunala","64.168"
"Lopunny-Mega","Groudon-Primal","59.057"
"Lopunny-Mega","Incineroar","57.417"
"Lopunny-Mega","Tapu Fini","53.629"
"Lopunny-Mega","Xerneas","28.039"
"Lopunny-Mega","Yveltal","24.736"
"Lopunny-Mega","Shedinja","24.500"
"Lopunny-Mega","Bronzong","24.044"
"Lopunny-Mega","Tapu Lele","20.207"
"Lopunny-Mega","Smeargle","19.175"
"Mandibuzz","Groudon-Primal","66.549"
"Mandibuzz","Rayquaza-Mega","42.156"
"Mandibuzz","Necrozma-Dusk-Mane","33.921"
"Mandibuzz","Tapu Koko","32.515"
"Mandibuzz","Salamence-Mega","30.300"
"Mandibuzz","Tapu Fini","26.694"
"Mandibuzz","Incineroar","26.215"
"Mandibuzz","Kartana","25.263"
"Mandibuzz","Tsareena","17.995"
"Mandibuzz","Tapu Lele","17.808"
"Snorlax","Incineroar","91.904"
"Snorlax","Tapu Fini","89.815"
"Snorlax","Rayquaza-Mega","84.172"
"Snorlax","Solgaleo","51.411"
"Snorlax","Tapu Koko","38.034"
"Snorlax","Lunala","25.274"
"Snorlax","Necrozma-Dusk-Mane","18.177"
"Snorlax","Stakataka","15.182"
"Snorlax","Persian-Alola","12.466"
"Snorlax","Mimikyu","12.402"
"Mawile-Mega","Groudon-Primal","64.754"
"Mawile-Mega","Incineroar","37.947"
"Mawile-Mega","Lunala","36.704"
"Mawile-Mega","Tapu Lele","32.395"
"Mawile-Mega","Tapu Fini","29.110"
"Mawile-Mega","Necrozma-Dawn-Wings","28.870"
"Mawile-Mega","Kyogre-Primal","24.923"
"Mawile-Mega","Tapu Koko","21.584"
"Mawile-Mega","Crobat","17.473"
"Mawile-Mega","Umbreon","12.564"
"Persian-Alola","Rayquaza-Mega","62.382"
"Persian-Alola","Incineroar","60.124"
"Persian-Alola","Tapu Fini","48.998"
"Persian-Alola","Solgaleo","44.825"
"Persian-Alola","Tapu Koko","43.825"
"Persian-Alola","Lunala","27.930"
"Persian-Alola","Groudon-Primal","21.914"
"Persian-Alola","Salamence-Mega","19.723"
"Persian-Alola","Stakataka","17.777"
"Persian-Alola","Landorus-Therian","16.747"
"Manectric-Mega","Incineroar","84.109"
"Manectric-Mega","Tapu Fini","57.364"
"Manectric-Mega","Landorus-Therian","52.412"
"Manectric-Mega","Zygarde","48.377"
"Manectric-Mega","Solgaleo","48.018"
"Manectric-Mega","Kyogre-Primal","38.581"
"Manectric-Mega","Tapu Lele","23.603"
"Manectric-Mega","Lugia","18.748"
"Manectric-Mega","Ferrothorn","11.659"
"Manectric-Mega","Kartana","9.814"
"Togekiss","Incineroar","81.910"
"Togekiss","Lunala","56.215"
"Togekiss","Stakataka","48.571"
"Togekiss","Groudon-Primal","45.004"
"Togekiss","Rayquaza-Mega","41.387"
"Togekiss","Tapu Fini","28.811"
"Togekiss","Xerneas","28.644"
"Togekiss","Tapu Koko","17.034"
"Togekiss","Venusaur-Mega","16.486"
"Togekiss","Smeargle","13.656"
"Tapu Bulu","Incineroar","87.417"
"Tapu Bulu","Yveltal","73.286"
"Tapu Bulu","Tapu Fini","68.505"
"Tapu Bulu","Rayquaza-Mega","54.953"
"Tapu Bulu","Stakataka","52.632"
"Tapu Bulu","Gengar-Mega","29.237"
"Tapu Bulu","Kyogre-Primal","20.535"
"Tapu Bulu","Groudon-Primal","17.029"
"Tapu Bulu","Tapu Koko","12.564"
"Tapu Bulu","Solgaleo","12.101"
"Gothitelle","Rayquaza-Mega","77.124"
"Gothitelle","Incineroar","76.863"
"Gothitelle","Kyogre-Primal","71.322"
"Gothitelle","Ferrothorn","55.043"
"Gothitelle","Nihilego","38.371"
"Gothitelle","Tapu Koko","29.946"
"Gothitelle","Stakataka","13.357"
"Gothitelle","Groudon-Primal","12.292"
"Gothitelle","Tapu Lele","11.407"
"Gothitelle","Yveltal","11.130"
"Raichu","Kyogre-Primal","77.843"
"Raichu","Incineroar","68.985"
"Raichu","Rayquaza-Mega","53.350"
"Raichu","Yveltal","30.299"
"Raichu","Celesteela","23.182"
"Raichu","Gengar-Mega","22.184"
"Raichu","Tapu Fini","18.573"
"Raichu","Bronzong","15.651"
"Raichu","Kartana","13.493"
"Raichu","Stakataka","10.282"
"Zygarde","Incineroar","96.194"
"Zygarde","Tapu Fini","85.601"
"Zygarde","Solgaleo","74.367"
"Zygarde","Manectric-Mega","71.491"
"Zygarde","Landorus-Therian","70.484"
"Zygarde","Rayquaza-Mega","20.141"
"Zygarde","Mimikyu","19.993"
"Zygarde","Crobat","17.860"
"Zygarde","Tapu Koko","12.628"
"Zygarde","Gengar-Mega","3.767"
"Jumpluff","Groudon-Primal","85.518"
"Jumpluff","Incineroar","78.258"
"Jumpluff","Tapu Fini","68.197"
"Jumpluff","Lunala","36.792"
"Jumpluff","Yveltal","31.064"
"Jumpluff","Gengar-Mega","30.532"
"Jumpluff","Xerneas","24.011"
"Jumpluff","Salamence-Mega","21.892"
"Jumpluff","Tornadus","13.131"
"Jumpluff","Kangaskhan-Mega","11.144"
"Braviary","Rayquaza-Mega","87.789"
"Braviary","Incineroar","82.361"
"Braviary","Tapu Koko","81.902"
"Braviary","Stakataka","78.751"
"Braviary","Lunala","74.163"
"Braviary","Tapu Fini","13.488"
"Braviary","Necrozma-Dawn-Wings","12.382"
"Braviary","Breloom","10.224"
"Braviary","Necrozma-Dusk-Mane","7.797"
"Braviary","Manectric-Mega","4.843"
"Mewtwo-Mega-Y","Tapu Lele","91.542"
"Mewtwo-Mega-Y","Incineroar","50.479"
"Mewtwo-Mega-Y","Kyogre-Primal","47.195"
"Mewtwo-Mega-Y","Tapu Koko","29.290"
"Mewtwo-Mega-Y","Groudon-Primal","27.868"
"Mewtwo-Mega-Y","Naganadel","23.259"
"Mewtwo-Mega-Y","Weavile","15.935"
"Mewtwo-Mega-Y","Amoonguss","13.765"
"Mewtwo-Mega-Y","Landorus-Therian","11.870"
"Mewtwo-Mega-Y","Ferrothorn","9.087"
"Aerodactyl-Mega","Groudon-Primal","95.271"
"Aerodactyl-Mega","Incineroar","88.275"
"Aerodactyl-Mega","Tapu Fini","78.894"
"Aerodactyl-Mega","Xerneas","75.415"
"Aerodactyl-Mega","Kartana","71.939"
"Aerodactyl-Mega","Tapu Lele","11.179"
"Aerodactyl-Mega","Lunala","10.681"
"Aerodactyl-Mega","Tapu Koko","6.978"
"Aerodactyl-Mega","Necrozma-Dawn-Wings","5.917"
"Aerodactyl-Mega","Stakataka","5.126"
"Suicune","Incineroar","90.654"
"Suicune","Rayquaza-Mega","83.811"
"Suicune","Tapu Koko","78.753"
"Suicune","Xerneas","68.972"
"Suicune","Amoonguss","42.505"
"Suicune","Stakataka","19.255"
"Suicune","Groudon-Primal","18.244"
"Suicune","Nihilego","12.238"
"Suicune","Tapu Lele","11.388"
"Suicune","Landorus-Therian","8.653"
"Zapdos","Incineroar","82.553"
"Zapdos","Rayquaza-Mega","72.049"
"Zapdos","Tapu Fini","60.693"
"Zapdos","Groudon-Primal","46.648"
"Zapdos","Stakataka","33.950"
"Zapdos","Kyogre-Primal","28.226"
"Zapdos","Tapu Lele","20.660"
"Zapdos","Gengar-Mega","13.804"
"Zapdos","Celesteela","12.696"
"Zapdos","Xerneas","11.775"
"Weavile","Tapu Koko","82.272"
"Weavile","Kyogre-Primal","71.456"
"Weavile","Lunala","48.247"
"Weavile","Nihilego","42.014"
"Weavile","Metagross-Mega","41.636"
"Weavile","Tapu Lele","39.336"
"Weavile","Mewtwo-Mega-Y","19.531"
"Weavile","Naganadel","17.944"
"Weavile","Rayquaza-Mega","15.191"
"Weavile","Xerneas","10.536"
"Kyogre","Rayquaza-Mega","76.489"
"Kyogre","Tapu Koko","44.595"
"Kyogre","Incineroar","41.153"
"Kyogre","Tsareena","30.183"
"Kyogre","Amoonguss","25.762"
"Kyogre","Stakataka","25.549"
"Kyogre","Tapu Lele","21.780"
"Kyogre","Togedemaru","18.899"
"Kyogre","Tapu Fini","18.420"
"Kyogre","Shedinja","17.152"
"Clefairy","Incineroar","78.896"
"Clefairy","Kyogre-Primal","46.880"
"Clefairy","Rayquaza-Mega","46.717"
"Clefairy","Tapu Koko","38.883"
"Clefairy","Groudon-Primal","36.207"
"Clefairy","Tapu Fini","31.930"
"Clefairy","Xerneas","29.707"
"Clefairy","Ferrothorn","27.315"
"Clefairy","Salamence-Mega","23.069"
"Clefairy","Crobat","15.295"
"Tsareena","Rayquaza-Mega","60.514"
"Tsareena","Incineroar","38.100"
"Tsareena","Tapu Koko","34.875"
"Tsareena","Stakataka","26.521"
"Tsareena","Groudon-Primal","26.265"
"Tsareena","Salamence-Mega","23.674"
"Tsareena","Tapu Fini","23.389"
"Tsareena","Lunala","22.820"
"Tsareena","Kyogre-Primal","16.496"
"Tsareena","Mandibuzz","14.335"
"Porygon-Z","Rayquaza-Mega","78.590"
"Porygon-Z","Incineroar","74.492"
"Porygon-Z","Kyogre-Primal","47.367"
"Porygon-Z","Togedemaru","45.824"
"Porygon-Z","Celesteela","44.109"
"Porygon-Z","Tapu Koko","29.789"
"Porygon-Z","Ho-Oh","29.522"
"Porygon-Z","Gastrodon","29.522"
"Porygon-Z","Tapu Lele","5.276"
"Porygon-Z","Xerneas","5.048"
"Volcarona","Xerneas","87.797"
"Volcarona","Hitmontop","67.425"
"Volcarona","Rayquaza-Mega","55.642"
"Volcarona","Pikachu","34.159"
"Volcarona","Lunala","31.989"
"Volcarona","Togedemaru","30.961"
"Volcarona","Tapu Fini","21.684"
"Volcarona","Tyranitar-Mega","18.806"
"Volcarona","Hydreigon","15.671"
"Volcarona","Kartana","10.460"
"Accelgor","Rayquaza-Mega","58.494"
"Accelgor","Tapu Lele","56.885"
"Accelgor","Nihilego","44.954"
"Accelgor","Groudon-Primal","37.347"
"Accelgor","Incineroar","30.417"
"Accelgor","Lunala","26.419"
"Accelgor","Tapu Fini","24.283"
"Accelgor","Murkrow","21.106"
"Accelgor","Necrozma-Dusk-Mane","11.783"
"Accelgor","Kyogre","10.989"
"Raichu-Alola","Rayquaza-Mega","77.053"
"Raichu-Alola","Lunala","53.267"
"Raichu-Alola","Mimikyu","46.805"
"Raichu-Alola","Chansey","46.805"
"Raichu-Alola","Shuckle","46.805"
"Raichu-Alola","Tapu Koko","36.433"
"Raichu-Alola","Incineroar","34.750"
"Raichu-Alola","Kyogre-Primal","27.886"
"Raichu-Alola","Stakataka","24.943"
"Raichu-Alola","Groudon-Primal","18.950"
"Liepard","Tapu Koko","68.407"
"Liepard","Groudon-Primal","58.722"
"Liepard","Salamence-Mega","47.051"
"Liepard","Lunala","38.479"
"Liepard","Stakataka","38.221"
"Liepard","Tapu Lele","32.521"
"Liepard","Kyogre-Primal","32.068"
"Liepard","Mewtwo-Mega-Y","26.227"
"Liepard","Whimsicott","20.881"
"Liepard","Xerneas","12.269"
"Uxie","Incineroar","96.640"
"Uxie","Kyogre-Primal","79.939"
"Uxie","Amoonguss","78.590"
"Uxie","Necrozma-Dusk-Mane","78.569"
"Uxie","Rotom-Wash","77.372"
"Uxie","Groudon-Primal","18.880"
"Uxie","Rayquaza-Mega","15.446"
"Uxie","Tapu Koko","13.436"
"Uxie","Snorlax","13.145"
"Uxie","Tornadus","6.927"
"Venusaur-Mega","Incineroar","89.265"
"Venusaur-Mega","Lunala","72.202"
"Venusaur-Mega","Groudon-Primal","60.433"
"Venusaur-Mega","Stakataka","49.558"
"Venusaur-Mega","Togekiss","48.584"
"Venusaur-Mega","Tapu Koko","32.386"
"Venusaur-Mega","Xerneas","26.903"
"Venusaur-Mega","Kangaskhan-Mega","22.397"
"Venusaur-Mega","Yveltal","8.834"
"Venusaur-Mega","Tapu Fini","6.837"
"Ambipom","Rayquaza-Mega","56.334"
"Ambipom","Groudon-Primal","53.576"
"Ambipom","Xerneas","30.032"
"Ambipom","Incineroar","29.929"
"Ambipom","Aegislash","29.014"
"Ambipom","Tapu Koko","28.999"
"Ambipom","Weavile","28.964"
"Ambipom","Kyogre-Primal","24.430"
"Ambipom","Amoonguss","23.295"
"Ambipom","Lunala","17.474"
"Ampharos-Mega","Kyogre-Primal","76.926"
"Ampharos-Mega","Incineroar","76.346"
"Ampharos-Mega","Bronzong","71.647"
"Ampharos-Mega","Rayquaza-Mega","71.619"
"Ampharos-Mega","Crobat","67.262"
"Ampharos-Mega","Groudon-Primal","15.834"
"Ampharos-Mega","Dialga","9.408"
"Ampharos-Mega","Cofagrigus","9.407"
"Ampharos-Mega","Spinda","9.407"
"Ampharos-Mega","Sunflora","9.407"
"Tyranitar-Mega","Xerneas","91.875"
"Tyranitar-Mega","Pikachu","91.781"
"Tyranitar-Mega","Lunala","90.138"
"Tyranitar-Mega","Amoonguss","68.663"
"Tyranitar-Mega","Blaziken-Mega","68.618"
"Tyranitar-Mega","Volcarona","23.168"
"Tyranitar-Mega","Hitmontop","23.164"
"Tyranitar-Mega","Tapu Lele","2.583"
"Tyranitar-Mega","Groudon-Primal","1.639"
"Tyranitar-Mega","Necrozma-Dawn-Wings","1.637"
"Altaria-Mega","Incineroar","82.164"
"Altaria-Mega","Kyogre-Primal","71.548"
"Altaria-Mega","Lunala","42.002"
"Altaria-Mega","Tapu Koko","40.921"
"Altaria-Mega","Amoonguss","34.198"
"Altaria-Mega","Tapu Lele","18.007"
"Altaria-Mega","Solgaleo","15.302"
"Altaria-Mega","Xerneas","12.127"
"Altaria-Mega","Necrozma-Dusk-Mane","11.312"
"Altaria-Mega","Groudon-Primal","10.411"
"Cresselia","Groudon-Primal","81.236"
"Cresselia","Incineroar","72.275"
"Cresselia","Kyogre-Primal","41.919"
"Cresselia","Tapu Koko","32.299"
"Cresselia","Xerneas","22.293"
"Cresselia","Gengar-Mega","20.556"
"Cresselia","Yveltal","17.238"
"Cresselia","Mawile-Mega","15.361"
"Cresselia","Ferrothorn","14.112"
"Cresselia","Salamence-Mega","13.886"
"Xurkitree","Groudon-Primal","51.335"
"Xurkitree","Tapu Lele","46.332"
"Xurkitree","Aerodactyl-Mega","39.911"
"Xurkitree","Accelgor","39.850"
"Xurkitree","Incineroar","28.799"
"Xurkitree","Kyogre-Primal","25.744"
"Xurkitree","Necrozma-Dusk-Mane","20.448"
"Xurkitree","Necrozma-Dawn-Wings","19.862"
"Xurkitree","Rayquaza-Mega","17.469"
"Xurkitree","Lunala","12.926"
"Alakazam-Mega","Crobat","96.433"
"Alakazam-Mega","Xerneas","93.839"
"Alakazam-Mega","Incineroar","91.183"
"Alakazam-Mega","Groudon","91.001"
"Alakazam-Mega","Amoonguss","90.935"
"Alakazam-Mega","Groudon-Primal","6.278"
"Alakazam-Mega","Tapu Lele","2.988"
"Alakazam-Mega","Clefairy","2.827"
"Alakazam-Mega","Persian-Alola","2.569"
"Alakazam-Mega","Lunala","2.487"
"Blaziken","Groudon-Primal","66.262"
"Blaziken","Crobat","65.544"
"Blaziken","Tapu Lele","62.036"
"Blaziken","Necrozma-Dusk-Mane","52.970"
"Blaziken","Krookodile","52.143"
"Blaziken","Rayquaza-Mega","20.526"
"Blaziken","Tsareena","13.377"
"Blaziken","Smeargle","13.317"
"Blaziken","Metagross-Mega","9.894"
"Blaziken","Whimsicott","9.820"
"Diggersby","Rayquaza-Mega","83.630"
"Diggersby","Incineroar","83.414"
"Diggersby","Tapu Koko","77.543"
"Diggersby","Necrozma-Dusk-Mane","73.894"
"Diggersby","Tapu Fini","46.305"
"Diggersby","Gastrodon","33.738"
"Diggersby","Lunala","8.190"
"Diggersby","Stakataka","4.536"
"Diggersby","Amoonguss","4.043"
"Diggersby","Togedemaru","0.909"
"Latias-Mega","Incineroar","95.340"
"Latias-Mega","Xerneas","94.409"
"Latias-Mega","Groudon-Primal","94.396"
"Latias-Mega","Kartana","94.219"
"Latias-Mega","Landorus-Therian","94.209"
"Latias-Mega","Tapu Lele","0.862"
"Latias-Mega","Solgaleo","0.814"
"Latias-Mega","Amoonguss","0.784"
"Latias-Mega","Yveltal","0.778"
"Latias-Mega","Kyogre-Primal","0.252"
"Exeggutor","Groudon-Primal","88.418"
"Exeggutor","Yveltal","56.371"
"Exeggutor","Incineroar","50.512"
"Exeggutor","Stakataka","36.279"
"Exeggutor","Tapu Lele","30.141"
"Exeggutor","Cresselia","28.056"
"Exeggutor","Mismagius","24.070"
"Exeggutor","Medicham-Mega","24.070"
"Exeggutor","Nihilego","24.070"
"Exeggutor","Mewtwo-Mega-Y","20.907"
"Garchomp","Kyogre-Primal","39.071"
"Garchomp","Tapu Lele","35.411"
"Garchomp","Rayquaza-Mega","24.521"
"Garchomp","Xerneas","24.167"
"Garchomp","Necrozma-Dusk-Mane","24.146"
"Garchomp","Salamence-Mega","23.361"
"Garchomp","Breloom","22.361"
"Garchomp","Togekiss","21.651"
"Garchomp","Metagross-Mega","18.546"
"Garchomp","Zekrom","17.045"
"Gardevoir-Mega","Groudon-Primal","63.123"
"Gardevoir-Mega","Incineroar","49.733"
"Gardevoir-Mega","Yveltal","42.288"
"Gardevoir-Mega","Landorus-Therian","34.174"
"Gardevoir-Mega","Hitmontop","32.929"
"Gardevoir-Mega","Bronzong","32.899"
"Gardevoir-Mega","Lunala","29.511"
"Gardevoir-Mega","Kyogre-Primal","28.693"
"Gardevoir-Mega","Stakataka","27.351"
"Gardevoir-Mega","Mawile-Mega","24.255"
"Vivillon","Incineroar","80.227"
"Vivillon","Tapu Lele","51.470"
"Vivillon","Kyogre-Primal","45.158"
"Vivillon","Kangaskhan-Mega","35.059"
"Vivillon","Ditto","34.831"
"Vivillon","Mewtwo-Mega-Y","34.831"
"Vivillon","Solgaleo","21.580"
"Vivillon","Yveltal","21.071"
"Vivillon","Groudon-Primal","18.870"
"Vivillon","Xerneas","16.233"
"Scrafty","Kyogre-Primal","80.355"
"Scrafty","Tapu Lele","76.840"
"Scrafty","Lunala","61.826"
"Scrafty","Whimsicott","58.430"
"Scrafty","Lucario-Mega","58.426"
"Scrafty","Tapu Koko","16.944"
"Scrafty","Mewtwo-Mega-Y","15.553"
"Scrafty","Naganadel","15.551"
"Scrafty","Groudon-Primal","11.994"
"Scrafty","Stakataka","9.584"
"Milotic","Rayquaza-Mega","90.487"
"Milotic","Tapu Koko","58.878"
"Milotic","Groudon-Primal","45.191"
"Milotic","Mandibuzz","41.370"
"Milotic","Togedemaru","38.220"
"Milotic","Incineroar","33.188"
"Milotic","Kartana","26.458"
"Milotic","Necrozma-Dusk-Mane","22.192"
"Milotic","Tapu Lele","19.047"
"Milotic","Murkrow","18.511"
"Aerodactyl","Groudon-Primal","72.884"
"Aerodactyl","Lunala","72.007"
"Aerodactyl","Kangaskhan-Mega","70.813"
"Aerodactyl","Bisharp","70.671"
"Aerodactyl","Jumpluff","66.453"
"Aerodactyl","Gengar-Mega","19.725"
"Aerodactyl","Greninja","18.599"
"Aerodactyl","Xerneas","17.726"
"Aerodactyl","Ditto","17.595"
"Aerodactyl","Chansey","10.705"
"Lilligant","Groudon-Primal","95.331"
"Lilligant","Incineroar","39.374"
"Lilligant","Tapu Lele","37.948"
"Lilligant","Xerneas","36.547"
"Lilligant","Landorus-Therian","27.853"
"Lilligant","Manectric-Mega","27.853"
"Lilligant","Ho-Oh","27.853"
"Lilligant","Kangaskhan-Mega","26.066"
"Lilligant","Tapu Fini","17.700"
"Lilligant","Smeargle","17.675"
"Lapras","Groudon-Primal","44.873"
"Lapras","Yveltal","41.774"
"Lapras","Metagross-Mega","41.765"
"Lapras","Shiftry","41.742"
"Lapras","Manectric-Mega","41.422"
"Lapras","Stakataka","32.411"
"Lapras","Rayquaza-Mega","32.109"
"Lapras","Lunala","31.907"
"Lapras","Tsareena","31.880"
"Lapras","Smeargle","22.311"
"Bisharp","Rayquaza-Mega","73.190"
"Bisharp","Tapu Fini","40.446"
"Bisharp","Incineroar","36.937"
"Bisharp","Tapu Koko","29.842"
"Bisharp","Xerneas","28.934"
"Bisharp","Lunala","28.404"
"Bisharp","Groudon-Primal","26.870"
"Bisharp","Tapu Lele","17.818"
"Bisharp","Nihilego","14.207"
"Bisharp","Amoonguss","14.098"
"Krookodile","Tapu Lele","44.286"
"Krookodile","Groudon-Primal","43.298"
"Krookodile","Kyogre-Primal","42.021"
"Krookodile","Crobat","40.285"
"Krookodile","Necrozma-Dusk-Mane","40.273"
"Krookodile","Blaziken","39.791"
"Krookodile","Incineroar","25.304"
"Krookodile","Rayquaza-Mega","24.679"
"Krookodile","Tapu Fini","22.606"
"Krookodile","Stakataka","22.329"
"Lucario","Incineroar","78.651"
"Lucario","Xerneas","74.776"
"Lucario","Rayquaza-Mega","68.029"
"Lucario","Amoonguss","57.574"
"Lucario","Raichu","57.482"
"Lucario","Yveltal","17.211"
"Lucario","Clawitzer","14.865"
"Lucario","Mawile-Mega","9.609"
"Lucario","Mimikyu","8.951"
"Lucario","Tapu Koko","6.432"
"Groudon","Xerneas","84.866"
"Groudon","Amoonguss","71.281"
"Groudon","Crobat","71.161"
"Groudon","Tapu Lele","56.079"
"Groudon","Incineroar","53.527"
"Groudon","Kangaskhan-Mega","32.360"
"Groudon","Alakazam-Mega","24.077"
"Groudon","Tapu Fini","13.570"
"Groudon","Gengar","13.567"
"Groudon","Landorus-Therian","13.566"
"Blaziken-Mega","Xerneas","87.903"
"Blaziken-Mega","Lunala","83.396"
"Blaziken-Mega","Amoonguss","75.406"
"Blaziken-Mega","Pikachu","72.861"
"Blaziken-Mega","Tyranitar-Mega","71.183"
"Blaziken-Mega","Tapu Lele","12.353"
"Blaziken-Mega","Smeargle","10.087"
"Blaziken-Mega","Gengar","5.768"
"Blaziken-Mega","Tapu Fini","4.943"
"Blaziken-Mega","Groudon-Primal","4.258"
"Chandelure","Ferrothorn","60.290"
"Chandelure","Cloyster","60.237"
"Chandelure","Marowak","60.237"
"Chandelure","Lurantis","60.237"
"Chandelure","Mimikyu","55.864"
"Chandelure","Rayquaza-Mega","19.626"
"Chandelure","Aegislash","19.280"
"Chandelure","Dugtrio","19.048"
"Chandelure","Milotic","19.042"
"Chandelure","Bruxish","19.042"
"Aggron","Lunala","95.651"
"Aggron","Incineroar","95.326"
"Aggron","Braviary","95.326"
"Aggron","Rayquaza-Mega","93.927"
"Aggron","Tapu Fini","93.927"
"Aggron","Kyogre-Primal","3.916"
"Aggron","Aegislash","2.259"
"Aggron","Mimikyu","2.192"
"Aggron","Kyurem-White","2.172"
"Aggron","Pidgeot-Mega","2.172"
"Serperior","Incineroar","70.518"
"Serperior","Xerneas","51.179"
"Serperior","Metagross-Mega","44.592"
"Serperior","Yveltal","43.245"
"Serperior","Kyogre-Primal","43.073"
"Serperior","Amoonguss","42.627"
"Serperior","Gengar-Mega","26.939"
"Serperior","Tapu Lele","25.853"
"Serperior","Ho-Oh","18.634"
"Serperior","Celesteela","11.200"
"Arcanine","Tapu Koko","59.302"
"Arcanine","Salamence-Mega","45.917"
"Arcanine","Yveltal","45.681"
"Arcanine","Solgaleo","45.075"
"Arcanine","Amoonguss","29.661"
"Arcanine","Rayquaza-Mega","27.363"
"Arcanine","Hitmontop","18.297"
"Arcanine","Necrozma-Dusk-Mane","16.943"
"Arcanine","Tapu Fini","16.885"
"Arcanine","Murkrow","15.032"
"Oranguru","Kyogre-Primal","56.910"
"Oranguru","Groudon-Primal","42.167"
"Oranguru","Stakataka","24.410"
"Oranguru","Tapu Fini","20.641"
"Oranguru","Kangaskhan-Mega","20.310"
"Oranguru","Lunala","18.015"
"Oranguru","Crabominable","17.478"
"Oranguru","Incineroar","16.775"
"Oranguru","Gardevoir-Mega","16.595"
"Oranguru","Exeggutor-Alola","16.469"
"Venusaur","Groudon-Primal","92.718"
"Venusaur","Xerneas","82.612"
"Venusaur","Incineroar","80.694"
"Venusaur","Salamence-Mega","68.941"
"Venusaur","Tapu Koko","28.348"
"Venusaur","Tapu Fini","21.626"
"Venusaur","Talonflame","18.885"
"Venusaur","Tornadus","12.084"
"Venusaur","Kangaskhan-Mega","11.808"
"Venusaur","Bisharp","6.142"
"Heliolisk","Pelipper","53.565"
"Heliolisk","Goodra","50.617"
"Heliolisk","Kyogre-Primal","39.060"
"Heliolisk","Ferrothorn","38.481"
"Heliolisk","Gastrodon","36.297"
"Heliolisk","Qwilfish","35.301"
"Heliolisk","Incineroar","23.476"
"Heliolisk","Salamence-Mega","19.860"
"Heliolisk","Solgaleo","18.329"
"Heliolisk","Tapu Lele","18.325"
"Beedrill-Mega","Tapu Lele","72.955"
"Beedrill-Mega","Necrozma-Dawn-Wings","68.648"
"Beedrill-Mega","Lickilicky","61.824"
"Beedrill-Mega","Stakataka","59.097"
"Beedrill-Mega","Kyogre","58.900"
"Beedrill-Mega","Kyogre-Primal","16.291"
"Beedrill-Mega","Xerneas","12.324"
"Beedrill-Mega","Incineroar","10.714"
"Beedrill-Mega","Weavile","9.558"
"Beedrill-Mega","Groudon-Primal","9.455"
"Swampert-Mega","Kyogre-Primal","80.949"
"Swampert-Mega","Incineroar","60.529"
"Swampert-Mega","Tapu Koko","55.747"
"Swampert-Mega","Ferrothorn","36.736"
"Swampert-Mega","Yveltal","33.286"
"Swampert-Mega","Xerneas","21.860"
"Swampert-Mega","Stakataka","13.035"
"Swampert-Mega","Tornadus","8.885"
"Swampert-Mega","Kingdra","6.982"
"Swampert-Mega","Raichu","6.276"
"Giratina","Groudon-Primal","47.062"
"Giratina","Tapu Koko","45.231"
"Giratina","Metagross-Mega","39.140"
"Giratina","Incineroar","34.738"
"Giratina","Tapu Fini","34.106"
"Giratina","Landorus-Therian","28.869"
"Giratina","Tapu Lele","28.569"
"Giratina","Thundurus","21.808"
"Giratina","Kyogre-Primal","20.511"
"Giratina","Lucario-Mega","20.140"
"Palkia","Incineroar","90.420"
"Palkia","Stakataka","61.454"
"Palkia","Rayquaza-Mega","60.721"
"Palkia","Tapu Koko","57.113"
"Palkia","Amoonguss","50.097"
"Palkia","Tapu Fini","26.062"
"Palkia","Xerneas","14.147"
"Palkia","Gengar","13.547"
"Palkia","Metagross-Mega","10.076"
"Palkia","Gengar-Mega","8.208"
"Araquanid","Kyogre-Primal","70.821"
"Araquanid","Necrozma-Dusk-Mane","63.037"
"Araquanid","Tapu Lele","40.898"
"Araquanid","Mandibuzz","38.890"
"Araquanid","Lopunny-Mega","38.886"
"Araquanid","Incineroar","30.565"
"Araquanid","Tapu Koko","21.411"
"Araquanid","Salamence-Mega","19.438"
"Araquanid","Amoonguss","8.393"
"Araquanid","Yveltal","7.236"
"Sharpedo-Mega","Tapu Lele","95.953"
"Sharpedo-Mega","Kyogre-Primal","79.747"
"Sharpedo-Mega","Lunala","76.351"
"Sharpedo-Mega","Whimsicott","76.351"
"Sharpedo-Mega","Lucario-Mega","76.351"
"Sharpedo-Mega","Groudon-Primal","19.888"
"Sharpedo-Mega","Xerneas","19.606"
"Sharpedo-Mega","Incineroar","19.605"
"Sharpedo-Mega","Crobat","19.601"
"Sharpedo-Mega","Necrozma-Dusk-Mane","3.372"
"Cloyster","Ferrothorn","52.686"
"Cloyster","Lurantis","52.618"
"Cloyster","Marowak","52.400"
"Cloyster","Chandelure","52.397"
"Cloyster","Mimikyu","48.762"
"Cloyster","Yveltal","26.645"
"Cloyster","Raichu","26.629"
"Cloyster","Rayquaza-Mega","26.366"
"Cloyster","Metagross-Mega","26.345"
"Cloyster","Togekiss","26.299"
"Reuniclus","Groudon-Primal","69.520"
"Reuniclus","Incineroar","66.620"
"Reuniclus","Xerneas","66.105"
"Reuniclus","Salamence-Mega","65.832"
"Reuniclus","Tapu Fini","65.665"
"Reuniclus","Shuckle","28.739"
"Reuniclus","Chansey","28.732"
"Reuniclus","Blissey","28.732"
"Reuniclus","Smeargle","28.732"
"Reuniclus","Lopunny-Mega","28.732"
"Slowbro","Stakataka","99.217"
"Slowbro","Incineroar","98.892"
"Slowbro","Amoonguss","98.800"
"Slowbro","Rayquaza-Mega","98.451"
"Slowbro","Xerneas","98.393"
"Slowbro","Arcanine","0.861"
"Slowbro","Groudon-Primal","0.861"
"Slowbro","Snorlax","0.489"
"Slowbro","Oranguru","0.441"
"Slowbro","Tapu Lele","0.441"
"Gyarados-Mega","Kyogre-Primal","75.274"
"Gyarados-Mega","Incineroar","39.747"
"Gyarados-Mega","Tapu Lele","37.140"
"Gyarados-Mega","Necrozma-Dusk-Mane","31.072"
"Gyarados-Mega","Amoonguss","29.646"
"Gyarados-Mega","Togedemaru","20.121"
"Gyarados-Mega","Groudon-Primal","19.470"
"Gyarados-Mega","Xerneas","19.369"
"Gyarados-Mega","Lunala","19.084"
"Gyarados-Mega","Rayquaza-Mega","16.461"
"Raikou","Incineroar","88.418"
"Raikou","Rayquaza-Mega","87.792"
"Raikou","Tapu Lele","50.220"
"Raikou","Kyogre-Primal","49.975"
"Raikou","Tapu Fini","44.142"
"Raikou","Celesteela","43.074"
"Raikou","Gastrodon","36.580"
"Raikou","Solgaleo","36.580"
"Raikou","Necrozma-Dusk-Mane","6.279"
"Raikou","Nihilego","3.675"
"Greninja","Xerneas","44.788"
"Greninja","Rayquaza-Mega","41.033"
"Greninja","Incineroar","35.237"
"Greninja","Tsareena","35.059"
"Greninja","Groudon-Primal","31.787"
"Greninja","Tapu Koko","26.206"
"Greninja","Celesteela","25.909"
"Greninja","Salamence-Mega","23.112"
"Greninja","Lunala","22.621"
"Greninja","Kyogre-Primal","19.738"
"Wigglytuff","Tapu Koko","99.843"
"Wigglytuff","Incineroar","96.196"
"Wigglytuff","Rayquaza-Mega","96.194"
"Wigglytuff","Xerneas","96.194"
"Wigglytuff","Amoonguss","96.194"
"Wigglytuff","Kyogre-Primal","3.774"
"Wigglytuff","Mawile-Mega","3.649"
"Wigglytuff","Stakataka","3.649"
"Wigglytuff","Lunala","3.649"
"Wigglytuff","Lugia","0.128"
"Porygon2","Incineroar","87.593"
"Porygon2","Groudon-Primal","71.412"
"Porygon2","Salamence-Mega","68.785"
"Porygon2","Kyogre-Primal","65.039"
"Porygon2","Tapu Lele","50.401"
"Porygon2","Tapu Koko","46.056"
"Porygon2","Xerneas","21.028"
"Porygon2","Rayquaza-Mega","17.197"
"Porygon2","Kangaskhan-Mega","12.043"
"Porygon2","Kartana","10.881"
"Guzzlord","Groudon-Primal","83.267"
"Guzzlord","Tapu Lele","46.833"
"Guzzlord","Mewtwo-Mega-Y","43.109"
"Guzzlord","Zapdos","43.109"
"Guzzlord","Metagross-Mega","36.807"
"Guzzlord","Tapu Koko","36.489"
"Guzzlord","Landorus-Therian","36.443"
"Guzzlord","Giratina","36.443"
"Guzzlord","Naganadel","17.488"
"Guzzlord","Liepard","16.702"
"Infernape","Rayquaza-Mega","46.101"
"Infernape","Lunala","43.830"
"Infernape","Tapu Fini","43.009"
"Infernape","Bisharp","39.500"
"Infernape","Nihilego","39.483"
"Infernape","Salamence-Mega","27.630"
"Infernape","Xerneas","22.239"
"Infernape","Kartana","20.217"
"Infernape","Groudon-Primal","19.616"
"Infernape","Bronzong","16.649"
"Kyurem-Black","Incineroar","77.367"
"Kyurem-Black","Tapu Fini","52.971"
"Kyurem-Black","Solgaleo","52.146"
"Kyurem-Black","Salamence-Mega","44.695"
"Kyurem-Black","Togedemaru","35.033"
"Kyurem-Black","Tapu Koko","25.526"
"Kyurem-Black","Gengar-Mega","19.326"
"Kyurem-Black","Ferrothorn","17.607"
"Kyurem-Black","Tapu Bulu","14.101"
"Kyurem-Black","Tapu Lele","10.627"
"Lurantis","Rayquaza-Mega","37.308"
"Lurantis","Xerneas","37.161"
"Lurantis","Cloyster","33.032"
"Lurantis","Ferrothorn","33.031"
"Lurantis","Marowak","32.895"
"Lurantis","Chandelure","32.893"
"Lurantis","Mimikyu","30.630"
"Lurantis","Greninja","27.964"
"Lurantis","Torracat","27.890"
"Lurantis","Magnezone","27.845"
"Mismagius","Groudon-Primal","83.312"
"Mismagius","Nihilego","74.100"
"Mismagius","Yveltal","73.863"
"Mismagius","Medicham-Mega","73.698"
"Mismagius","Exeggutor","73.310"
"Mismagius","Incineroar","9.609"
"Mismagius","Xerneas","8.813"
"Mismagius","Gothitelle","8.778"
"Mismagius","Salamence-Mega","8.778"
"Mismagius","Kyogre-Primal","5.837"
"Nidoking","Incineroar","63.269"
"Nidoking","Rayquaza-Mega","56.942"
"Nidoking","Tapu Fini","50.614"
"Nidoking","Xerneas","31.985"
"Nidoking","Lunala","27.942"
"Nidoking","Solgaleo","24.466"
"Nidoking","Tsareena","23.381"
"Nidoking","Lopunny-Mega","15.832"
"Nidoking","Stakataka","15.678"
"Nidoking","Smeargle","15.639"
"Metagross","Incineroar","93.387"
"Metagross","Rayquaza-Mega","92.352"
"Metagross","Tapu Koko","70.233"
"Metagross","Lunala","62.583"
"Metagross","Gastrodon","44.195"
"Metagross","Tapu Fini","44.065"
"Metagross","Kyogre-Primal","16.909"
"Metagross","Yveltal","11.650"
"Metagross","Mimikyu","11.415"
"Metagross","Togedemaru","5.816"
"Pinsir-Mega","Giratina","69.600"
"Pinsir-Mega","Vivillon","69.586"
"Pinsir-Mega","Groudon","69.586"
"Pinsir-Mega","Pheromosa","69.586"
"Pinsir-Mega","Crustle","69.586"
"Pinsir-Mega","Kyogre-Primal","28.724"
"Pinsir-Mega","Incineroar","23.693"
"Pinsir-Mega","Tapu Koko","22.922"
"Pinsir-Mega","Ferrothorn","18.982"
"Pinsir-Mega","Yveltal","18.982"
"Hawlucha","Rayquaza-Mega","83.830"
"Hawlucha","Incineroar","81.764"
"Hawlucha","Tapu Fini","79.992"
"Hawlucha","Tapu Koko","64.332"
"Hawlucha","Necrozma-Dusk-Mane","61.697"
"Hawlucha","Tapu Lele","26.099"
"Hawlucha","Lunala","20.061"
"Hawlucha","Ferrothorn","5.921"
"Hawlucha","Kyogre-Primal","4.388"
"Hawlucha","Kyogre","3.800"
"Seismitoad","Incineroar","95.629"
"Seismitoad","Kyogre-Primal","86.990"
"Seismitoad","Rayquaza-Mega","85.892"
"Seismitoad","Tapu Fini","83.756"
"Seismitoad","Bronzong","81.012"
"Seismitoad","Groudon-Primal","6.901"
"Seismitoad","Xerneas","6.131"
"Seismitoad","Tapu Koko","5.329"
"Seismitoad","Ferrothorn","4.849"
"Seismitoad","Yveltal","4.782"
"Virizion","Rayquaza-Mega","99.315"
"Virizion","Incineroar","99.274"
"Virizion","Tapu Fini","99.270"
"Virizion","Solgaleo","99.221"
"Virizion","Nihilego","98.554"
"Virizion","Spinda","0.667"
"Virizion","Xerneas","0.631"
"Virizion","Kyogre-Primal","0.544"
"Virizion","Pachirisu","0.503"
"Virizion","Aegislash","0.503"
"Blacephalon","Kyogre-Primal","75.991"
"Blacephalon","Kartana","64.954"
"Blacephalon","Rayquaza-Mega","43.521"
"Blacephalon","Mewtwo-Mega-Y","39.141"
"Blacephalon","Tapu Lele","37.388"
"Blacephalon","Raichu","34.997"
"Blacephalon","Tornadus","32.289"
"Blacephalon","Kommo-o","31.421"
"Blacephalon","Amoonguss","12.082"
"Blacephalon","Tapu Koko","9.197"
"Golduck","Incineroar","79.249"
"Golduck","Xerneas","69.448"
"Golduck","Metagross-Mega","66.266"
"Golduck","Yveltal","66.245"
"Golduck","Smeargle","45.786"
"Golduck","Tapu Koko","20.241"
"Golduck","Raichu","17.471"
"Golduck","Kyogre-Primal","13.366"
"Golduck","Lunala","11.183"
"Golduck","Tapu Lele","10.763"
"Rotom-Wash","Incineroar","75.718"
"Rotom-Wash","Rayquaza-Mega","61.800"
"Rotom-Wash","Xerneas","40.690"
"Rotom-Wash","Amoonguss","35.912"
"Rotom-Wash","Tapu Lele","28.625"
"Rotom-Wash","Dialga","22.385"
"Rotom-Wash","Kyogre-Primal","21.821"
"Rotom-Wash","Kangaskhan-Mega","20.127"
"Rotom-Wash","Tapu Fini","16.351"
"Rotom-Wash","Stakataka","14.381"
"Scizor-Mega","Incineroar","83.563"
"Scizor-Mega","Tapu Koko","78.084"
"Scizor-Mega","Kyogre-Primal","77.788"
"Scizor-Mega","Yveltal","74.294"
"Scizor-Mega","Amoonguss","53.214"
"Scizor-Mega","Landorus-Therian","21.273"
"Scizor-Mega","Xerneas","14.835"
"Scizor-Mega","Nihilego","7.716"
"Scizor-Mega","Rayquaza-Mega","7.217"
"Scizor-Mega","Tapu Bulu","6.143"
"Pelipper","Heliolisk","59.433"
"Pelipper","Goodra","56.324"
"Pelipper","Ferrothorn","43.153"
"Pelipper","Gastrodon","40.380"
"Pelipper","Qwilfish","39.169"
"Pelipper","Ludicolo","23.757"
"Pelipper","Kyogre-Primal","21.087"
"Pelipper","Beedrill-Mega","19.151"
"Pelipper","Swampert-Mega","16.867"
"Pelipper","Tapu Koko","12.935"
"Toxicroak","Kyogre-Primal","59.723"
"Toxicroak","Incineroar","46.228"
"Toxicroak","Xerneas","46.087"
"Toxicroak","Tapu Koko","31.297"
"Toxicroak","Ferrothorn","29.907"
"Toxicroak","Gengar-Mega","29.522"
"Toxicroak","Tapu Fini","28.907"
"Toxicroak","Stakataka","28.448"
"Toxicroak","Lunala","22.815"
"Toxicroak","Rayquaza-Mega","19.558"
"Drampa","Kyogre-Primal","93.027"
"Drampa","Incineroar","44.877"
"Drampa","Stakataka","28.178"
"Drampa","Necrozma-Dawn-Wings","20.303"
"Drampa","Mawile-Mega","19.680"
"Drampa","Smeargle","19.661"
"Drampa","Lunala","19.598"
"Drampa","Tapu Lele","18.664"
"Drampa","Xerneas","16.271"
"Drampa","Beedrill-Mega","16.267"
"Zekrom","Tapu Koko","38.510"
"Zekrom","Incineroar","36.718"
"Zekrom","Kyogre-Primal","35.607"
"Zekrom","Landorus-Therian","22.961"
"Zekrom","Tapu Fini","22.830"
"Zekrom","Salamence-Mega","17.371"
"Zekrom","Tapu Lele","16.045"
"Zekrom","Xerneas","14.212"
"Zekrom","Groudon-Primal","14.112"
"Zekrom","Bronzong","13.969"
"Gyarados","Tapu Koko","70.114"
"Gyarados","Xerneas","66.973"
"Gyarados","Rayquaza-Mega","65.618"
"Gyarados","Incineroar","53.646"
"Gyarados","Amoonguss","48.637"
"Gyarados","Groudon-Primal","12.319"
"Gyarados","Kartana","11.594"
"Gyarados","Tapu Fini","10.542"
"Gyarados","Charizard-Mega-Y","10.164"
"Gyarados","Decidueye","10.162"
"Excadrill","Rayquaza-Mega","86.742"
"Excadrill","Incineroar","79.462"
"Excadrill","Xerneas","59.037"
"Excadrill","Tapu Lele","46.156"
"Excadrill","Amoonguss","45.363"
"Excadrill","Tapu Fini","38.778"
"Excadrill","Kyogre-Primal","25.543"
"Excadrill","Crobat","15.809"
"Excadrill","Tornadus","13.017"
"Excadrill","Mandibuzz","8.740"
"Staraptor","Kyogre-Primal","64.346"
"Staraptor","Rayquaza-Mega","53.893"
"Staraptor","Wartortle","31.234"
"Staraptor","Rattata-Alola","31.234"
"Staraptor","Nidoking","31.234"
"Staraptor","Tapu Lele","29.029"
"Staraptor","Xerneas","22.791"
"Staraptor","Incineroar","17.851"
"Staraptor","Tapu Koko","17.530"
"Staraptor","Smeargle","17.424"
"Audino-Mega","Kyogre-Primal","96.077"
"Audino-Mega","Incineroar","92.541"
"Audino-Mega","Necrozma-Dusk-Mane","91.103"
"Audino-Mega","Tapu Lele","83.324"
"Audino-Mega","Amoonguss","82.890"
"Audino-Mega","Vivillon","8.601"
"Audino-Mega","Zapdos","8.601"
"Audino-Mega","Reshiram","4.351"
"Audino-Mega","Araquanid","4.237"
"Audino-Mega","Barbaracle","4.237"
"Pheromosa","Gengar-Mega","39.691"
"Pheromosa","Tapu Koko","29.091"
"Pheromosa","Kyogre-Primal","28.837"
"Pheromosa","Rayquaza-Mega","28.526"
"Pheromosa","Tapu Lele","27.784"
"Pheromosa","Groudon","25.302"
"Pheromosa","Lunala","24.290"
"Pheromosa","Kyogre","23.218"
"Pheromosa","Tsareena","22.597"
"Pheromosa","Ditto","22.069"
"Ribombee","Kyogre-Primal","87.921"
"Ribombee","Tapu Lele","69.874"
"Ribombee","Incineroar","52.141"
"Ribombee","Ferrothorn","41.892"
"Ribombee","Mewtwo-Mega-Y","40.988"
"Ribombee","Tapu Koko","30.925"
"Ribombee","Lunala","27.814"
"Ribombee","Medicham-Mega","17.276"
"Ribombee","Lucario-Mega","10.600"
"Ribombee","Necrozma-Dusk-Mane","8.665"
"Kyurem-White","Groudon-Primal","59.961"
"Kyurem-White","Sableye","51.232"
"Kyurem-White","Tapu Koko","32.192"
"Kyurem-White","Incineroar","29.875"
"Kyurem-White","Tapu Fini","26.081"
"Kyurem-White","Gengar-Mega","24.934"
"Kyurem-White","Tsareena","22.903"
"Kyurem-White","Manectric-Mega","22.800"
"Kyurem-White","Ferrothorn","18.502"
"Kyurem-White","Salamence-Mega","13.287"
"Terrakion","Rayquaza-Mega","75.867"
"Terrakion","Whimsicott","72.833"
"Terrakion","Tsareena","47.000"
"Terrakion","Tapu Koko","46.009"
"Terrakion","Lunala","45.185"
"Terrakion","Groudon-Primal","19.346"
"Terrakion","Amoonguss","17.931"
"Terrakion","Sneasel","17.767"
"Terrakion","Incineroar","17.273"
"Terrakion","Tapu Lele","16.149"
"Medicham-Mega","Tapu Lele","76.978"
"Medicham-Mega","Kyogre-Primal","74.166"
"Medicham-Mega","Tapu Koko","73.325"
"Medicham-Mega","Lunala","72.397"
"Medicham-Mega","Nihilego","62.914"
"Medicham-Mega","Groudon-Primal","12.686"
"Medicham-Mega","Ribombee","7.483"
"Medicham-Mega","Yveltal","6.544"
"Medicham-Mega","Mismagius","5.663"
"Medicham-Mega","Exeggutor","5.633"
"Breloom","Tapu Koko","57.815"
"Breloom","Xerneas","51.719"
"Breloom","Salamence-Mega","40.200"
"Breloom","Necrozma-Dusk-Mane","36.475"
"Breloom","Salazzle","33.957"
"Breloom","Incineroar","32.196"
"Breloom","Necrozma-Dawn-Wings","32.081"
"Breloom","Rayquaza-Mega","29.604"
"Breloom","Tapu Lele","21.952"
"Breloom","Stakataka","21.580"
"Drifblim","Tapu Lele","76.324"
"Drifblim","Groudon-Primal","64.135"
"Drifblim","Tapu Koko","36.234"
"Drifblim","Mewtwo-Mega-Y","34.224"
"Drifblim","Kangaskhan-Mega","31.395"
"Drifblim","Tapu Fini","31.085"
"Drifblim","Shedinja","27.966"
"Drifblim","Xerneas","25.699"
"Drifblim","Rayquaza-Mega","14.730"
"Drifblim","Kyogre-Primal","13.706"
"Mewtwo","Tapu Lele","86.578"
"Mewtwo","Groudon-Primal","43.546"
"Mewtwo","Incineroar","39.094"
"Mewtwo","Kyogre-Primal","30.854"
"Mewtwo","Kangaskhan-Mega","26.882"
"Mewtwo","Tapu Koko","22.768"
"Mewtwo","Stakataka","22.141"
"Mewtwo","Naganadel","19.904"
"Mewtwo","Aerodactyl-Mega","19.666"
"Mewtwo","Rayquaza-Mega","13.036"
"Mewtwo-Mega-X","Tapu Fini","82.178"
"Mewtwo-Mega-X","Groudon-Primal","69.707"
"Mewtwo-Mega-X","Incineroar","69.236"
"Mewtwo-Mega-X","Kartana","63.689"
"Mewtwo-Mega-X","Nihilego","61.295"
"Mewtwo-Mega-X","Crobat","13.401"
"Mewtwo-Mega-X","Lunala","13.358"
"Mewtwo-Mega-X","Muk-Alola","12.849"
"Mewtwo-Mega-X","Naganadel","12.822"
"Mewtwo-Mega-X","Tapu Lele","7.826"
"Giratina-Origin","Incineroar","49.748"
"Giratina-Origin","Tapu Koko","49.255"
"Giratina-Origin","Groudon-Primal","42.947"
"Giratina-Origin","Kangaskhan-Mega","38.700"
"Giratina-Origin","Xerneas","27.267"
"Giratina-Origin","Tornadus","21.972"
"Giratina-Origin","Tapu Fini","19.899"
"Giratina-Origin","Suicune","18.553"
"Giratina-Origin","Landorus-Therian","17.615"
"Giratina-Origin","Kyogre-Primal","14.448"
"Banette-Mega","Kyogre-Primal","93.050"
"Banette-Mega","Incineroar","91.090"
"Banette-Mega","Groudon-Primal","91.050"
"Banette-Mega","Tapu Koko","90.627"
"Banette-Mega","Celesteela","90.537"
"Banette-Mega","Landorus-Therian","2.448"
"Banette-Mega","Dialga","2.441"
"Banette-Mega","Rotom-Wash","2.440"
"Banette-Mega","Infernape","1.783"
"Banette-Mega","Aegislash","0.656"
"Charizard-Mega-Y","Groudon-Primal","61.352"
"Charizard-Mega-Y","Incineroar","39.858"
"Charizard-Mega-Y","Xerneas","38.064"
"Charizard-Mega-Y","Tapu Koko","35.677"
"Charizard-Mega-Y","Kyogre-Primal","28.363"
"Charizard-Mega-Y","Tapu Fini","28.000"
"Charizard-Mega-Y","Gyarados","27.878"
"Charizard-Mega-Y","Decidueye","27.874"
"Charizard-Mega-Y","Weezing","27.681"
"Charizard-Mega-Y","Necrozma-Dusk-Mane","10.835"
"Tentacruel","Rayquaza-Mega","93.693"
"Tentacruel","Tsareena","92.150"
"Tentacruel","Tapu Koko","90.335"
"Tentacruel","Lunala","88.968"
"Tentacruel","Celesteela","88.875"
"Tentacruel","Ho-Oh","5.688"
"Tentacruel","Gardevoir-Mega","4.720"
"Tentacruel","Metang","4.720"
"Tentacruel","Giratina-Origin","4.720"
"Tentacruel","Lickilicky","4.720"
"Lickilicky","Tapu Lele","70.776"
"Lickilicky","Beedrill-Mega","69.809"
"Lickilicky","Kyogre","68.766"
"Lickilicky","Necrozma-Dawn-Wings","67.510"
"Lickilicky","Stakataka","66.493"
"Lickilicky","Kyogre-Primal","15.599"
"Lickilicky","Incineroar","11.642"
"Lickilicky","Salamence-Mega","11.051"
"Lickilicky","Xerneas","11.043"
"Lickilicky","Bronzong","11.037"
"Thundurus","Groudon-Primal","82.865"
"Thundurus","Rayquaza-Mega","80.851"
"Thundurus","Incineroar","69.915"
"Thundurus","Tapu Fini","63.501"
"Thundurus","Stakataka","48.660"
"Thundurus","Tapu Lele","20.699"
"Thundurus","Bisharp","16.366"
"Thundurus","Kommo-o","16.261"
"Thundurus","Kyogre-Primal","8.590"
"Thundurus","Metagross-Mega","7.388"
"Sableye","Groudon-Primal","64.753"
"Sableye","Kyurem-White","58.683"
"Sableye","Tsareena","47.029"
"Sableye","Tapu Fini","28.196"
"Sableye","Gengar-Mega","27.797"
"Sableye","Manectric-Mega","26.116"
"Sableye","Rayquaza-Mega","24.269"
"Sableye","Kyogre","20.929"
"Sableye","Dodrio","20.901"
"Sableye","Incineroar","13.444"
"Parasect","Stakataka","43.489"
"Parasect","Tapu Lele","40.465"
"Parasect","Kyogre-Primal","37.911"
"Parasect","Lopunny-Mega","37.049"
"Parasect","Drampa","37.048"
"Parasect","Lunala","37.048"
"Parasect","Raichu","35.351"
"Parasect","Golduck","35.272"
"Parasect","Mewtwo-Mega-Y","35.246"
"Parasect","Ho-Oh","35.243"
"Ho-Oh","Incineroar","77.974"
"Ho-Oh","Tapu Koko","49.285"
"Ho-Oh","Ferrothorn","48.627"
"Ho-Oh","Tapu Fini","38.799"
"Ho-Oh","Rayquaza-Mega","37.920"
"Ho-Oh","Gengar-Mega","29.627"
"Ho-Oh","Kyogre-Primal","25.518"
"Ho-Oh","Gastrodon","11.215"
"Ho-Oh","Landorus-Therian","10.234"
"Ho-Oh","Togedemaru","10.154"
"Talonflame","Incineroar","72.069"
"Talonflame","Rayquaza-Mega","60.347"
"Talonflame","Metagross-Mega","51.242"
"Talonflame","Tapu Koko","49.083"
"Talonflame","Kyogre-Primal","46.546"
"Talonflame","Xerneas","40.518"
"Talonflame","Groudon-Primal","32.043"
"Talonflame","Salamence-Mega","27.399"
"Talonflame","Kangaskhan-Mega","15.060"
"Talonflame","Smeargle","14.249"
"Scizor","Kyogre-Primal","88.869"
"Scizor","Rayquaza-Mega","84.684"
"Scizor","Incineroar","83.135"
"Scizor","Tapu Fini","61.989"
"Scizor","Tapu Koko","40.666"
"Scizor","Zapdos","25.224"
"Scizor","Mimikyu","15.283"
"Scizor","Nihilego","11.508"
"Scizor","Ditto","6.459"
"Scizor","Tsareena","5.605"
"Sceptile-Mega","Groudon-Primal","66.960"
"Sceptile-Mega","Incineroar","41.588"
"Sceptile-Mega","Tapu Koko","40.746"
"Sceptile-Mega","Electrode","39.435"
"Sceptile-Mega","Xerneas","25.062"
"Sceptile-Mega","Yveltal","24.081"
"Sceptile-Mega","Kyogre-Primal","20.597"
"Sceptile-Mega","Tornadus","19.589"
"Sceptile-Mega","Kangaskhan-Mega","19.515"
"Sceptile-Mega","Tapu Fini","18.601"
"Dialga","Incineroar","82.043"
"Dialga","Tapu Koko","48.276"
"Dialga","Kyogre-Primal","41.887"
"Dialga","Salamence-Mega","39.343"
"Dialga","Stakataka","27.919"
"Dialga","Ferrothorn","27.193"
"Dialga","Tapu Fini","24.260"
"Dialga","Rayquaza-Mega","20.183"
"Dialga","Groudon-Primal","18.880"
"Dialga","Gengar-Mega","17.946"
"Aegislash","Rayquaza-Mega","75.027"
"Aegislash","Incineroar","62.920"
"Aegislash","Tapu Koko","60.358"
"Aegislash","Xerneas","49.958"
"Aegislash","Amoonguss","49.878"
"Aegislash","Kyogre-Primal","20.844"
"Aegislash","Groudon-Primal","12.512"
"Aegislash","Lunala","12.072"
"Aegislash","Crobat","11.866"
"Aegislash","Tapu Fini","9.804"
"Floatzel","Shedinja","92.387"
"Floatzel","Tapu Koko","92.386"
"Floatzel","Incineroar","92.385"
"Floatzel","Kyogre-Primal","92.385"
"Floatzel","Rayquaza-Mega","92.385"
"Floatzel","Staraptor","0.002"
"Floatzel","Infernape","0.002"
"Floatzel","Roserade","0.002"
"Floatzel","Espeon","0.002"
"Floatzel","Lopunny-Mega","0.002"
"Electrode","Sceptile-Mega","90.754"
"Electrode","Groudon-Primal","90.726"
"Electrode","Xerneas","50.846"
"Electrode","Incineroar","46.137"
"Electrode","Tornadus","44.847"
"Electrode","Kangaskhan-Mega","44.847"
"Electrode","Tapu Fini","39.513"
"Electrode","Lunala","39.474"
"Electrode","Tapu Lele","5.368"
"Electrode","Kyogre","1.189"
"Thundurus-Therian","Incineroar","62.097"
"Thundurus-Therian","Tapu Fini","56.691"
"Thundurus-Therian","Rayquaza-Mega","52.838"
"Thundurus-Therian","Xerneas","51.379"
"Thundurus-Therian","Amoonguss","50.129"
"Thundurus-Therian","Kyogre-Primal","33.625"
"Thundurus-Therian","Solgaleo","28.703"
"Thundurus-Therian","Mawile-Mega","28.520"
"Thundurus-Therian","Salamence-Mega","28.503"
"Thundurus-Therian","Tapu Lele","28.355"
"Tyranitar","Rayquaza-Mega","73.870"
"Tyranitar","Kyogre-Primal","70.425"
"Tyranitar","Celesteela","69.030"
"Tyranitar","Gyarados-Mega","68.500"
"Tyranitar","Raichu","68.500"
"Tyranitar","Incineroar","6.185"
"Tyranitar","Cresselia","5.245"
"Tyranitar","Xurkitree","4.614"
"Tyranitar","Serperior","4.609"
"Tyranitar","Sceptile-Mega","4.609"
"Bruxish","Rayquaza-Mega","92.158"
"Bruxish","Incineroar","79.447"
"Bruxish","Ditto","47.528"
"Bruxish","Pikachu","47.521"
"Bruxish","Kyogre","47.521"
"Bruxish","Xerneas","28.005"
"Bruxish","Crobat","27.989"
"Bruxish","Amoonguss","23.399"
"Bruxish","Milotic","14.085"
"Bruxish","Chandelure","14.085"
"Empoleon","Rayquaza-Mega","90.928"
"Empoleon","Incineroar","76.742"
"Empoleon","Lunala","44.082"
"Empoleon","Tapu Koko","42.274"
"Empoleon","Tapu Lele","32.075"
"Empoleon","Ditto","31.284"
"Empoleon","Tapu Fini","26.171"
"Empoleon","Necrozma-Dusk-Mane","26.170"
"Empoleon","Kyogre-Primal","19.815"
"Empoleon","Landorus-Therian","14.503"
"Pikachu","Xerneas","68.308"
"Pikachu","Lunala","63.865"
"Pikachu","Tyranitar-Mega","55.443"
"Pikachu","Blaziken-Mega","42.428"
"Pikachu","Amoonguss","42.252"
"Pikachu","Rayquaza-Mega","27.480"
"Pikachu","Incineroar","25.881"
"Pikachu","Volcarona","25.422"
"Pikachu","Hitmontop","25.422"
"Pikachu","Kyogre-Primal","22.859"
"Salazzle","Salamence-Mega","61.035"
"Salazzle","Tapu Koko","56.045"
"Salazzle","Xerneas","49.950"
"Salazzle","Necrozma-Dusk-Mane","42.972"
"Salazzle","Breloom","37.637"
"Salazzle","Lunala","22.031"
"Salazzle","Tapu Fini","20.872"
"Salazzle","Yveltal","19.748"
"Salazzle","Groudon-Primal","17.708"
"Salazzle","Kyogre-Primal","17.489"
"Reshiram","Groudon-Primal","43.596"
"Reshiram","Tapu Fini","41.655"
"Reshiram","Metagross-Mega","27.951"
"Reshiram","Incineroar","25.347"
"Reshiram","Persian-Alola","23.169"
"Reshiram","Lilligant","22.674"
"Reshiram","Salamence-Mega","20.835"
"Reshiram","Audino-Mega","18.667"
"Reshiram","Tapu Koko","18.453"
"Reshiram","Araquanid","18.178"
"Shuckle","Chansey","88.833"
"Shuckle","Mimikyu","87.155"
"Shuckle","Rayquaza-Mega","85.580"
"Shuckle","Lunala","85.496"
"Shuckle","Raichu-Alola","54.068"
"Shuckle","Salazzle","18.748"
"Shuckle","Smeargle","12.033"
"Shuckle","Blissey","3.467"
"Shuckle","Lopunny-Mega","3.451"
"Shuckle","Reuniclus","3.448"
"Muk-Alola","Groudon-Primal","87.027"
"Muk-Alola","Rayquaza-Mega","85.576"
"Muk-Alola","Tapu Fini","83.161"
"Muk-Alola","Incineroar","74.876"
"Muk-Alola","Whimsicott","72.284"
"Muk-Alola","Zapdos","13.164"
"Muk-Alola","Amoonguss","12.640"
"Muk-Alola","Hitmontop","12.557"
"Muk-Alola","Crobat","10.759"
"Muk-Alola","Naganadel","10.653"
"Clefable","Salamence-Mega","74.160"
"Clefable","Lunala","68.238"
"Clefable","Groudon-Primal","67.627"
"Clefable","Incineroar","67.319"
"Clefable","Tapu Lele","62.348"
"Clefable","Kyogre-Primal","11.349"
"Clefable","Xerneas","9.650"
"Clefable","Necrozma-Dawn-Wings","6.307"
"Clefable","Necrozma-Dusk-Mane","5.760"
"Clefable","Blaziken-Mega","5.482"
"Shiftry","Yveltal","74.946"
"Shiftry","Groudon-Primal","58.053"
"Shiftry","Kyogre-Primal","41.220"
"Shiftry","Kangaskhan-Mega","41.218"
"Shiftry","Ditto","41.216"
"Shiftry","Ferrothorn","41.216"
"Shiftry","Metagross-Mega","32.998"
"Shiftry","Lapras","32.338"
"Shiftry","Manectric-Mega","32.095"
"Shiftry","Tapu Fini","22.937"
"Mienshao","Groudon-Primal","56.474"
"Mienshao","Xerneas","54.564"
"Mienshao","Incineroar","49.285"
"Mienshao","Salamence-Mega","28.689"
"Mienshao","Manectric-Mega","20.749"
"Mienshao","Ferrothorn","20.173"
"Mienshao","Lurantis","19.434"
"Mienshao","Tapu Fini","15.978"
"Mienshao","Kyogre-Primal","14.468"
"Mienshao","Landorus-Therian","11.947"
"Ludicolo","Kyogre-Primal","73.633"
"Ludicolo","Incineroar","68.987"
"Ludicolo","Tapu Lele","43.870"
"Ludicolo","Ferrothorn","43.283"
"Ludicolo","Necrozma-Dusk-Mane","39.859"
"Ludicolo","Tapu Fini","16.997"
"Ludicolo","Groudon-Primal","11.858"
"Ludicolo","Rayquaza-Mega","11.857"
"Ludicolo","Shedinja","10.698"
"Ludicolo","Lunala","10.472"
"Rotom-Heat","Tapu Fini","87.156"
"Rotom-Heat","Rayquaza-Mega","86.468"
"Rotom-Heat","Xerneas","86.100"
"Rotom-Heat","Incineroar","85.538"
"Rotom-Heat","Amoonguss","84.758"
"Rotom-Heat","Groudon-Primal","7.959"
"Rotom-Heat","Tsareena","6.920"
"Rotom-Heat","Yveltal","6.009"
"Rotom-Heat","Naganadel","5.902"
"Rotom-Heat","Lucario-Mega","5.901"
"Malamar","Tapu Fini","62.679"
"Malamar","Groudon-Primal","42.377"
"Malamar","Rayquaza-Mega","40.889"
"Malamar","Incineroar","40.090"
"Malamar","Stakataka","36.744"
"Malamar","Ferrothorn","32.948"
"Malamar","Ho-Oh","32.781"
"Malamar","Manectric-Mega","32.469"
"Malamar","Xerneas","29.407"
"Malamar","Tapu Koko","28.756"
"Magnezone","Xerneas","55.709"
"Magnezone","Rayquaza-Mega","55.647"
"Magnezone","Greninja","55.302"
"Magnezone","Torracat","55.225"
"Magnezone","Lurantis","55.225"
"Magnezone","Kartana","19.872"
"Magnezone","Aerodactyl-Mega","18.965"
"Magnezone","Tapu Fini","14.327"
"Magnezone","Kommo-o","14.325"
"Magnezone","Chandelure","14.325"
"Landorus","Incineroar","90.364"
"Landorus","Groudon-Primal","74.609"
"Landorus","Tapu Fini","64.875"
"Landorus","Tapu Lele","32.531"
"Landorus","Necrozma-Dawn-Wings","32.486"
"Landorus","Lunala","31.697"
"Landorus","Mawile-Mega","29.416"
"Landorus","Xerneas","25.744"
"Landorus","Kyogre-Primal","15.531"
"Landorus","Tapu Koko","15.502"
"Azumarill","Rayquaza-Mega","74.803"
"Azumarill","Tapu Koko","72.543"
"Azumarill","Incineroar","55.752"
"Azumarill","Solgaleo","45.645"
"Azumarill","Tapu Fini","43.786"
"Azumarill","Lunala","34.598"
"Azumarill","Amoonguss","28.463"
"Azumarill","Bisharp","26.914"
"Azumarill","Kyogre-Primal","16.285"
"Azumarill","Stakataka","7.426"
"Lugia","Incineroar","88.275"
"Lugia","Kyogre-Primal","81.574"
"Lugia","Tapu Lele","72.813"
"Lugia","Manectric-Mega","62.506"
"Lugia","Amoonguss","34.819"
"Lugia","Kartana","30.176"
"Lugia","Tapu Koko","17.001"
"Lugia","Ferrothorn","14.563"
"Lugia","Gengar-Mega","7.023"
"Lugia","Kangaskhan-Mega","5.415"
"Murkrow","Rayquaza-Mega","72.626"
"Murkrow","Incineroar","54.874"
"Murkrow","Nihilego","42.000"
"Murkrow","Necrozma-Dusk-Mane","38.027"
"Murkrow","Tapu Koko","33.536"
"Murkrow","Groudon-Primal","28.895"
"Murkrow","Tapu Lele","28.497"
"Murkrow","Kyogre-Primal","26.030"
"Murkrow","Milotic","24.218"
"Murkrow","Togedemaru","23.741"
"Dusclops","Groudon-Primal","94.140"
"Dusclops","Incineroar","93.351"
"Dusclops","Tapu Lele","80.422"
"Dusclops","Tapu Fini","80.348"
"Dusclops","Necrozma-Dawn-Wings","80.346"
"Dusclops","Mawile-Mega","13.252"
"Dusclops","Palkia","13.021"
"Dusclops","Tsareena","12.866"
"Dusclops","Kyogre-Primal","0.620"
"Dusclops","Tapu Koko","0.535"
"Hydreigon","Xerneas","64.546"
"Hydreigon","Tapu Lele","50.416"
"Hydreigon","Groudon-Primal","50.205"
"Hydreigon","Lunala","37.346"
"Hydreigon","Incineroar","31.776"
"Hydreigon","Amoonguss","30.047"
"Hydreigon","Metagross-Mega","30.044"
"Hydreigon","Mawile-Mega","20.349"
"Hydreigon","Tapu Fini","19.680"
"Hydreigon","Hitmontop","19.221"
"Golisopod","Incineroar","97.694"
"Golisopod","Tapu Koko","87.815"
"Golisopod","Gengar-Mega","87.182"
"Golisopod","Groudon-Primal","87.182"
"Golisopod","Kyogre-Primal","86.873"
"Golisopod","Rayquaza-Mega","9.901"
"Golisopod","Snorlax","9.898"
"Golisopod","Wailord","9.892"
"Golisopod","Clefairy","9.504"
"Golisopod","Gardevoir-Mega","0.645"
"Sawk","Xerneas","100.000"
"Sawk","Incineroar","99.956"
"Sawk","Necrozma-Dusk-Mane","99.956"
"Sawk","Gengar","99.956"
"Sawk","Salamence-Mega","99.956"
"Sawk","Necrozma-Dawn-Wings","0.044"
"Sawk","Gengar-Mega","0.044"
"Sawk","Clefable","0.044"
"Sawk","Azumarill","0.044"
"Sawk","Tapu Lele","0.000"
"Sneasel","Rayquaza-Mega","84.789"
"Sneasel","Amoonguss","77.190"
"Sneasel","Groudon-Primal","60.931"
"Sneasel","Tapu Lele","60.383"
"Sneasel","Terrakion","48.188"
"Sneasel","Kartana","29.002"
"Sneasel","Kyogre-Primal","16.812"
"Sneasel","Aegislash","12.623"
"Sneasel","Snorlax","7.599"
"Sneasel","Solgaleo","7.599"
"Hitmontop","Rayquaza-Mega","43.019"
"Hitmontop","Tapu Koko","34.839"
"Hitmontop","Xerneas","34.832"
"Hitmontop","Groudon-Primal","31.564"
"Hitmontop","Gengar-Mega","29.339"
"Hitmontop","Volcarona","26.791"
"Hitmontop","Yveltal","25.798"
"Hitmontop","Togedemaru","23.747"
"Hitmontop","Tapu Fini","22.524"
"Hitmontop","Lunala","21.311"